,Opening,Opening.1,Title,Production company,Cast and crew,Ref.,Unnamed: 6
0,JANUARY,5,Insidious: The Last Key,Universal Pictures / Blumhouse Productions / Stage 6 Films,"Adam Robitel (director); Leigh Whannell (screenplay); Lin Shaye, Angus Sampson, Leigh Whannell, Spencer Locke, Caitlin Gerard, Kirk Acevedo, Bruce Davison",[2],
1,JANUARY,5,The Strange Ones,Vertical Entertainment,"Lauren Wolkstein (director); Christopher Radcliff (co-director/screenplay); Alex Pettyfer, James Freedson-Jackson, Emily Althaus, Gene Jones, Owen Campbell, Tobias Campbell",[3],
2,JANUARY,5,Stratton,Momentum Pictures,"Simon West (director); Duncan Falconer, Warren Davis II (screenplay); Dominic Cooper, Austin Stowell, Gemma Chan, Thomas Kretschmann, Tyler Hoechlin, Tom Felton",[4],
3,JANUARY,10,Sweet Country,Samuel Goldwyn Films,"Warwick Thornton (director); David Tranter, Steven McGregor (screenplay); Bryan Brown, Sam Neill",[5],
4,JANUARY,12,The Commuter,Lionsgate / StudioCanal / The Picture Company,"Jaume Collet-Serra (director); Byron Willinger, Philip de Blasi (screenplay); Liam Neeson, Vera Farmiga, Patrick Wilson, Jonathan Banks, Elizabeth McGovern, Sam Neill",[6],
5,JANUARY,12,Proud Mary,Screen Gems,"Babak Najafi (director); John S. Newman, Christian Swegal (screenplay); Taraji P. Henson, Billy Brown, Danny Glover, Neal McDonough, Xander Berkeley, Margaret Avery",[7],
6,JANUARY,12,Acts of Violence,Lionsgate Premiere,"Brett Donowho (director); Nicolas Aaron Mezzanatto (screenplay); Bruce Willis, Cole Hauser, Shawn Ashmore, Melissa Bolona, Mike Epps",[8],
7,JANUARY,12,Freak Show,IFC Films,"Trudie Styler (director); Patrick J. Clifton, Beth Rigazio (screenplay); Alex Lawther, Abigail Breslin, Bette Midler, AnnaSophia Robb, Ian Nelson, Lorraine Toussaint, Laverne Cox",[9],
8,JANUARY,12,Humor Me,Shout! Factory / Shout! Studios,"Sam Hoffman (director/screenplay); Jemaine Clement, Elliott Gould, Ingrid Michaelson, Annie Potts, Priscilla Lopez, Bebe Neuwirth, Maria Dizzia",[10],
9,JANUARY,12,Vazante,Music Box Films,"Daniela Thomas (director/screenplay); Beto Amaral (screenplay); Adriano Carvalho, Luana Nastas",[11],
10,JANUARY,18,Mary and the Witch's Flower,GKIDS,"Hiromasa Yonebayashi (director/screenplay); Riko Sakaguchi (screenplay); Ruby Barnhill, Louis Ashbourne Serkis, Kate Winslet, Jim Broadbent, Teresa Gallagher, Ewen Bremner, Rasmus Hardiker, Morwenna Banks, Lynda Baron",[12],
11,JANUARY,19,12 Strong,Warner Bros. Pictures / Alcon Entertainment / Jerry Bruckheimer Films,"Nicolai Fuglsig (director); Peter Craig, Ted Tally (screenplay); Chris Hemsworth, Michael Shannon, Michael Peña, Navid Negahban, Trevante Rhodes, Geoff Stults, Thad Luckinbill, Rob Riggle, William Fichtner",[13],
12,JANUARY,19,Den of Thieves,STX Entertainment,"Christian Gudegast (director/screenplay); Paul Scheuring (screenplay); Gerard Butler, 50 Cent, Pablo Schreiber, O'Shea Jackson Jr., Evan Jones, Dawn Olivieri, Mo McRae, Max Holloway",[14],
13,JANUARY,19,Forever My Girl,Roadside Attractions,"Bethany Ashton Wolf (director/screenplay); Alex Roe, Jessica Rothe, John Benjamin Hickey",[15],
14,JANUARY,26,Maze Runner: The Death Cure,20th Century Fox,"Wes Ball (director); T.S. Nowlin (screenplay); Dylan O'Brien, Kaya Scodelario, Thomas Brodie-Sangster, Ki Hong Lee, Giancarlo Esposito, Aidan Gillen, Walton Goggins, Barry Pepper, Will Poulter, Patricia Clarkson",[16],
15,JANUARY,26,The Insult,Cohen Media Group,"Ziad Doueiri (director/screenplay); Joelle Touma (screenplay); Adel Karam, Camille Salameh, Kamel El Basha",[17],
16,JANUARY,26,Please Stand By,Magnolia Pictures,"Ben Lewin (director); Michael Golamco (screenplay); Dakota Fanning, Toni Collette, Alice Eve",[18],
17,FEBRUARY,2,Winchester,Lionsgate / CBS Films,"The Spierig Brothers (director/screenplay); Helen Mirren, Jason Clarke, Sarah Snook, Angus Sampson",[19],
18,FEBRUARY,2,A Fantastic Woman,Sony Pictures Classics,"Sebastián Lelio (director/screenplay); Gonzalo Maza (screenplay); Daniela Vega, Francisco Reyes",[20],
19,FEBRUARY,2,Armed,GVN Releasing,"Mario Van Peebles (director/screenplay); Mario Van Peebles, William Fichtner, Ryan Guzman, Columbus Short, Laz Alonso",[21],
20,FEBRUARY,4,The Cloverfield Paradox,Paramount Pictures / Netflix / Bad Robot Productions,"Julius Onah (director); Oren Uziel, Doug Jung (screenplay); Daniel Brühl, Elizabeth Debicki, Aksel Hennie, Gugu Mbatha-Raw, Chris O'Dowd, John Ortiz, David Oyelowo, Zhang Ziyi",[22],
21,FEBRUARY,9,Peter Rabbit,Columbia Pictures / Sony Pictures Animation / Animal Logic,"Will Gluck (director/screenplay); Rob Lieber (screenplay); James Corden, Domhnall Gleeson, Rose Byrne, Daisy Ridley, Margot Robbie, Elizabeth Debicki, Sam Neill",[23],
22,FEBRUARY,9,Fifty Shades Freed,Universal Pictures,"James Foley (director); Niall Leonard (screenplay); Dakota Johnson, Jamie Dornan, Kim Basinger, Eric Johnson, Rita Ora, Luke Grimes, Victor Rasuk, Jennifer Ehle, Marcia Gay Harden",[24],
23,FEBRUARY,9,The 15:17 to Paris,Warner Bros. Pictures / Village Roadshow Pictures,"Clint Eastwood (director); Dorothy Blyskal (screenplay); Anthony Sadler, Alek Skarlatos, Spencer Stone, Judy Greer, Jenna Fischer, Ray Corasani",[25],
24,FEBRUARY,9,La Boda de Valentina,Lionsgate / Pantelion Films,"Marco Polo Constandse (director); Omar Chaparro, Marimar Vega, Ryan Carnes",[26],
25,FEBRUARY,9,Kri,Subas Entertainment Production / Super Kajal Films,"Surendra Poudel (director/screenplay); Anmol K.C., Aditi Budhathoki, Anoop Bikram Shahi",[27],
26,FEBRUARY,9,Permission,Good Dead Entertainment,"Brian Crano (director/screenplay); Rebecca Hall, Dan Stevens, Morgan Spector, David Joseph Craig, Gina Gershon, Jason Sudeikis",[28],
27,FEBRUARY,9,Monster Family,Viva Pictures,"Holger Tappe (director); David Safier, Catharine Junk (screenplay); Emily Watson, Jason Isaacs, Nick Frost, Jessica Brown Findlay, Celia Imrie, Catherine Tate",[29],
28,FEBRUARY,9,Golden Exits,Vertical Entertainment,"Alex Ross Perry (director/screenplay); Emily Browning, Adam Horowitz, Mary-Louise Parker, Jason Schwartzman, Chloë Sevigny, Analeigh Tipton",[30],
29,FEBRUARY,16,Black Panther,Marvel Studios,"Ryan Coogler (director/​screenplay); Joe Robert Cole (screenplay); Chadwick Boseman, Michael B. Jordan, Lupita Nyong'o, Danai Gurira, Martin Freeman, Daniel Kaluuya, Letitia Wright, Winston Duke, Angela Bassett, Forest Whitaker, Andy Serkis",[31],
30,FEBRUARY,16,Early Man,Summit Entertainment / StudioCanal / Aardman Animations,"Nick Park (director); Mark Burton, John O'Farrell (screenplay); Eddie Redmayne, Tom Hiddleston, Maisie Williams, Timothy Spall",[32],
31,FEBRUARY,16,Loveless,Sony Pictures Classics,"Andrey Zvyagintsev (director); Oleg Negin, Andrey Zvyagintsev (screenplay); Maryana Spivak, Alexei Rozin, Matvey Novikov, Marina Vasilyeva, Andris Keišs",[33],
32,FEBRUARY,16,The Party,Roadside Attractions,"Sally Potter (director/screenplay); Timothy Spall, Kristin Scott Thomas, Patricia Clarkson, Emily Mortimer, Cillian Murphy, Bruno Ganz",[34],
33,FEBRUARY,16,Nostalgia,Bleecker Street,"Mark Pellington (director/screenplay); Alex Ross Perry (screenplay); Jon Hamm, Nick Offerman, Amber Tamblyn, Patton Oswalt, Catherine Keener, Ellen Burstyn, Bruce Dern, John Ortiz, James LeGros",[35],
34,FEBRUARY,16,Black '47,Fastnet Films / Samsa Films / UMedia / Altitude Film,"Lance Daly (director); PJ Dillon, Pierce Ryan, Eugene O'Brien, & Lance Daly (screenplay); Hugo Weaving, Jim Broadbent, Stephen Rea, Freddie Fox, Moe Dunford, James Frecheville, Sarah Greene, Barry Keoghan",[36],
35,FEBRUARY,16,Samson,Pure Flix,"Bruce Macdonald (director); Timothy Ratajczak, Jason Baumgardner (screenplay); Taylor James, Jackson Rathbone, Billy Zane, Caitlin Leahy, Rutger Hauer, Lindsay Wagner",[37],
36,FEBRUARY,23,Game Night,Warner Bros. Pictures / New Line Cinema,"Jonathan Goldstein, John Francis Daley (directors); Mark Perez (screenplay); Jason Bateman, Rachel McAdams, Kyle Chandler, Billy Magnussen, Sharon Horgan, Lamorne Morris, Kylie Bunbury, Jesse Plemons, Michael C. Hall",[38],
37,FEBRUARY,23,Annihilation,Paramount Pictures / Netflix / Skydance Media / DNA Films,"Alex Garland (director/screenplay); Natalie Portman, Jennifer Jason Leigh, Gina Rodriguez, Tessa Thompson, Tuva Novotny, Oscar Isaac",[39],
38,FEBRUARY,23,Every Day,Orion Pictures,"Michael Sucsy (director); Jesse Andrews (screenplay); Angourie Rice, Maria Bello, Debby Ryan, Jacob Batalon, Justice Smith, Lucas Jade Zumann",[40],
39,FEBRUARY,23,The Cured,IFC Films,"David Freyne (director); Ellen Page, Sam Keeley, Tom Vaughan-Lawlor",[41],
40,FEBRUARY,23,The Lodgers,Epic Pictures Group,"Brian O'Malley (director); David Turpin (screenplay); Charlotte Vega, Bill Milner, Eugene Simon, David Bradley, Deirdre O'Kane, Moe Dunford",[42],
41,MARCH,2,Red Sparrow,20th Century Fox / TSG Entertainment / Chernin Entertainment,"Francis Lawrence (director); Justin Haythe (screenplay); Jennifer Lawrence, Joel Edgerton, Matthias Schoenaerts, Charlotte Rampling, Mary-Louise Parker, Jeremy Irons",[43],
42,MARCH,2,Death Wish,Metro-Goldwyn-Mayer,"Eli Roth (director); Joe Carnahan (screenplay); Bruce Willis, Vincent D'Onofrio, Dean Norris, Kimberly Elise, Mike Epps, Elisabeth Shue, Camila Morrone",[44],
43,MARCH,2,The Vanishing of Sidney Hall,A24,"Shawn Christensen (director/screenplay); Jason Dolan (screenplay); Logan Lerman, Elle Fanning, Michelle Monaghan, Nathan Lane, Kyle Chandler",[45],
44,MARCH,2,Foxtrot,Sony Pictures Classics,"Samuel Maoz (director/screenplay); Lior Ashkenazi, Sarah Adler, Yonatan Shiray",[46],
45,MARCH,2,Pickings,Digital Magic Entertainment,"Usher Morgan (director/screenplay); Elyse Price, Joel Bernard, Katie Vincent, Joe Trombino",[47],
46,MARCH,9,A Wrinkle in Time,Walt Disney Pictures,"Ava DuVernay (director); Jennifer Lee (screenplay); Storm Reid, Oprah Winfrey, Reese Witherspoon, Mindy Kaling, Levi Miller, Deric McCabe, Chris Pine, Gugu Mbatha-Raw, Michael Peña, Zach Galifianakis",[48],
47,MARCH,9,Gringo,Amazon Studios / STX Entertainment,"Nash Edgerton (director); Anthony Tambakis, Matthew Stone (screenplay); David Oyelowo, Charlize Theron, Joel Edgerton, Amanda Seyfried, Thandie Newton, Sharlto Copley",[49],
48,MARCH,9,Thoroughbreds,Focus Features,"Cory Finley (director/screenplay); Olivia Cooke, Anya Taylor-Joy, Anton Yelchin, Paul Sparks, Francie Swift",[50],
49,MARCH,9,The Death of Stalin,IFC Films,"Armando Iannucci (director/screenplay); Steve Buscemi, Simon Russell Beale, Paddy Considine, Rupert Friend, Jason Isaacs, Michael Palin, Andrea Riseborough, Jeffrey Tambor",[51],
50,MARCH,9,The Leisure Seeker,Sony Pictures Classics,"Paolo Virzì (director/screenplay); Francesca Archibugi, Francesco Piccolo, Stephen Amidon (screenplay); Donald Sutherland, Helen Mirren",[52],
51,MARCH,9,The Strangers: Prey at Night,Aviron Pictures / Rogue,"Johannes Roberts (director); Bryan Bertino, Ben Ketai (screenplay); Christina Hendricks, Martin Henderson, Bailee Madison, Lewis Pullman",[53],
52,MARCH,9,The Hurricane Heist,Entertainment Studios,"Rob Cohen (director/screenplay); Toby Kebbell, Maggie Grace, Ryan Kwanten, Melissa Bolona, Ralph Ineson",[54],
53,MARCH,16,Tomb Raider,Warner Bros. Pictures / GK Films / Metro-Goldwyn-Mayer,"Roar Uthaug (director); Geneva Robertson-Dworet (screenplay); Alicia Vikander, Dominic West, Walton Goggins, Daniel Wu, Kristin Scott Thomas, Derek Jacobi, Nick Frost, Hannah John-Kamen",[55],
54,MARCH,16,"Love, Simon",20th Century Fox / Fox 2000 Pictures / TSG Entertainment,"Greg Berlanti (director); Isaac Aptaker, Elizabeth Berger (screenplay); Nick Robinson, Katherine Langford, Alexandra Shipp, Jorge Lendeborg Jr., Miles Heizer, Keiynan Lonsdale, Logan Miller, Jennifer Garner, Josh Duhamel, Tony Hale",[56],
55,MARCH,16,I Can Only Imagine,Roadside Attractions / Lionsgate,"Jon Erwin (director/screenplay); Andrew Erwin (co-director), Alex Cramer, Brent McCorkle (screenplay); Cloris Leachman, Dennis Quaid, Priscilla Shirer, Madeline Carroll, J. Michael Finley, Trace Adkins",[57],
56,MARCH,16,7 Days in Entebbe,Focus Features / StudioCanal / Participant Media / Working Title Films,"José Padilha (director); Gregory Burke (screenplay); Rosamund Pike, Daniel Brühl, Vincent Cassel, Eddie Marsan, Ben Schnetzer",[58],
57,MARCH,16,Furlough,IFC Films,"Laurie Collyer (director); Barry Strugatz (screenplay); Melissa Leo, Tessa Thompson, La La Anthony, Whoopi Goldberg, Anna Paquin",[59],
58,MARCH,16,Josie,Screen Media Films,"Eric England (director), Anthony Ragnone II (screenplay); Sophie Turner, Dylan McDermott, Jack Kilmer",[60],
59,MARCH,16,Flower,The Orchard,"Max Winkler (director), Alex McAulay (screenplay); Zoey Deutch, Kathryn Hahn, Tim Heidecker, Joey Morgan, Adam Scott",[61],
60,MARCH,23,Pacific Rim: Uprising,Universal Pictures / Legendary Pictures,"Steven S. DeKnight (director/screenplay); Emily Carmichael, Kira Snyder, T.S. Nowlin (screenplay); John Boyega, Scott Eastwood, Cailee Spaeny, Charlie Day, Burn Gorman, Rinko Kikuchi, Jing Tian, Adria Arjona, Zhang Jin",[62],
61,MARCH,23,Isle of Dogs,Fox Searchlight Pictures / Indian Paintbrush,"Wes Anderson (director/screenplay); Bryan Cranston, Edward Norton, Bill Murray, Jeff Goldblum, Bob Balaban, Greta Gerwig, Frances McDormand, Courtney B. Vance, Fisher Stevens, Harvey Keitel, Liev Schreiber, Scarlett Johansson, Tilda Swinton, F. Murray Abraham, Frank Wood",[63],
62,MARCH,23,Sherlock Gnomes,Paramount Pictures / Paramount Animation / Metro-Goldwyn-Mayer,"John Stevenson (director); Ben Zazove (screenplay); James McAvoy, Emily Blunt, Johnny Depp, Chiwetel Ejiofor, Mary J. Blige, Michael Caine, Maggie Smith, Ashley Jensen, Matt Lucas, Stephen Merchant, Julie Walters, Richard Wilson",[64],
63,MARCH,23,Unsane,Bleecker Street / Regency Enterprises,"Steven Soderbergh (director); Jonathan Bernstein, James Greer (screenplay); Claire Foy, Joshua Leonard, Jay Pharoah, Juno Temple, Aimee Mullins, Amy Irving",[65],
64,MARCH,23,"Paul, Apostle of Christ",Affirm Films,"Andrew Hyatt (director/screenplay); James Faulkner, Jim Caviezel, Olivier Martinez, Joanne Whalley, John Lynch",[66],
65,MARCH,23,Final Portrait,Sony Pictures Classics,"Stanley Tucci (director/screenplay); Geoffrey Rush, Armie Hammer, Clémence Poésy, Tony Shalhoub, James Faulkner, Sylvie Testud",[67],
66,MARCH,23,Midnight Sun,Global Road Entertainment,"Scott Speer (director); Eric Kirsten (screenplay); Bella Thorne, Patrick Schwarzenegger, Rob Riggle, Quinn Shephard",[68],
67,MARCH,23,Followers,Synkronized Films,"Ryan Justice (director/screenplay); Ian Longen, Jason Henne (screenplay); Amanda Delaney, Justin Maina, Sean Michael Gloria, Nishant Gogna, David E. McMahon",[69],
68,MARCH,29,Ready Player One,Warner Bros. Pictures / Village Roadshow Pictures / Amblin Entertainment,"Steven Spielberg (director); Ernest Cline, Zak Penn (screenplay); Tye Sheridan, Olivia Cooke, Ben Mendelsohn, Lena Waithe, T.J. Miller, Simon Pegg, Mark Rylance, Win Morisaki, Philip Zhao, Hannah John-Kamen",[70],
69,MARCH,30,Tyler Perry's Acrimony,Lionsgate / Tyler Perry Films,"Tyler Perry (director/screenplay); Taraji P. Henson, Lyriq Bent, Tika Sumpter",[71],
70,MARCH,30,God's Not Dead: A Light in Darkness,Pure Flix,"Michael Mason (director/screenplay); David A. R. White, John Corbett, Shane Harper, Benjamin Onyango, Ted McGinley, Jennifer Taylor, Tatum O'Neal, Shwayze, Cissy Houston",[72],
71,MARCH,30,Gemini,Neon,"Aaron Katz (director/screenplay); Lola Kirke, Zoë Kravitz, Greta Lee, Michelle Forbes, Nelson Franklin, Reeve Carney, Jessica Parker Kennedy, James Ransone, Ricki Lake, John Cho",[73],
72,MARCH,30,The Last Movie Star,A24,"Adam Rifkin (director/screenplay); Burt Reynolds, Ariel Winter, Clark Duke, Ellar Coltrane, Chevy Chase",[74],
73,APRIL,6,A Quiet Place,Paramount Pictures / Platinum Dunes / Sunday Night Productions,"John Krasinski (director/screenplay); Scott Beck, Bryan Woods (screenplay); John Krasinski, Emily Blunt, Millicent Simmonds, Noah Jupe",[75],
74,APRIL,6,Blockers,Universal Pictures / Good Universe / Point Grey Pictures,"Kay Cannon (director); Eben Russell, Jon Hurwitz, Hayden Schlossberg, Brian Kehoe, Jim Kehoe (screenplay); Leslie Mann, Ike Barinholtz, John Cena, Kathryn Newton, Graham Phillips, June Diane Raphael, Hannibal Buress, Sarayu Blue",[76],
75,APRIL,6,You Were Never Really Here,Amazon Studios,"Lynne Ramsay (director/screenplay); Joaquin Phoenix, Ekaterina Samsonov, Alex Manette, John Doman, Judith Roberts",[77],
76,APRIL,6,Chappaquiddick,Entertainment Studios,"John Curran (director); Taylor Allen, Andrew Logan (screenplay); Jason Clarke, Kate Mara, Ed Helms, Bruce Dern, Jim Gaffigan, Taylor Nichols",[78],
77,APRIL,6,Pandas,Warner Bros. Pictures / IMAX,"Drew Fellman, David Douglas (directors); Drew Fellman (screenplay); Kristen Bell",[79],
78,APRIL,6,Lean on Pete,A24,"Andrew Haigh (director/screenplay); Charlie Plummer, Chloë Sevigny, Travis Fimmel, Steve Buscemi",[80],
79,APRIL,6,The Miracle Season,LD Entertainment,"Sean McNamara (director); David Aaron Cohen, Elissa Matsueda (screenplay); Helen Hunt, William Hurt, Erin Moriarty, Danika Yarosh",[81],
80,APRIL,11,Beirut,Bleecker Street,"Brad Anderson (director); Tony Gilroy (screenplay); Jon Hamm, Rosamund Pike, Dean Norris, Shea Whigham, Larry Pine, Mark Pellegrino",[35],
81,APRIL,13,Rampage,Warner Bros. Pictures / New Line Cinema,"Brad Peyton (director); Ryan Engle (screenplay); Dwayne Johnson, Naomie Harris, Malin Åkerman, Jake Lacy, Marley Shelton, Joe Manganiello, Jeffrey Dean Morgan",[82],
82,APRIL,13,Truth or Dare,Universal Pictures / Blumhouse Productions,"Jeff Wadlow (director/screenplay); Michael Reisz, Chris Roach, Jillian Jacobs (screenplay); Lucy Hale, Tyler Posey, Violett Beane, Nolan Gerard Funk, Hayden Szeto, Sophia Taylor Ali",[83],
83,APRIL,13,The Rider,Sony Pictures Classics,Chloé Zhao (director/screenplay); Brady Jandreau,[84],
84,APRIL,13,Sgt. Stubby: An American Hero,Fun Academy Motion Pictures / Mikros Image,"Richard Lanni (director/screenplay); Mike Stokey (screenplay); Logan Lerman, Helena Bonham Carter, Gérard Depardieu",[85],
85,APRIL,20,I Feel Pretty,STX Entertainment,"Abby Kohn, Marc Silverstein (director/screenplay); Amy Schumer, Michelle Williams, Emily Ratajkowski, Rory Scovel",[86],
86,APRIL,20,Super Troopers 2,Fox Searchlight Pictures,"Jay Chandrasekhar (director); Broken Lizard (screenplay); Jay Chandrasekhar, Paul Soter, Steve Lemme, Erik Stolhanske, Kevin Heffernan",[87],
87,APRIL,20,Traffik,Summit Entertainment / Codeblack Films,"Deon Taylor (director/screenplay); Paula Patton, Omar Epps, Missi Pyle, William Fichtner, Roselyn Sanchez, Dawn Olivieri, Laz Alonso",[88],
88,APRIL,20,The House of Tomorrow,Shout! Studios,"Peter Livolsi (director/screenplay); Asa Butterfield, Nick Offerman, Ellen Burstyn, Alex Wolff, Maude Apatow",[89],
89,APRIL,21,Liz and the Blue Bird,Kyoto Animation,"Naoko Yamada (director); Reiko Yoshida (screenplay); Atsumi Tanezaki, Nao Tōyama",[90],
90,APRIL,27,Avengers: Infinity War,Marvel Studios,"Anthony Russo and Joe Russo (directors); Christopher Markus and Stephen McFeely (screenplay); Robert Downey Jr., Chris Hemsworth, Mark Ruffalo, Chris Evans, Scarlett Johansson, Benedict Cumberbatch, Don Cheadle, Tom Holland, Chadwick Boseman, Paul Bettany, Elizabeth Olsen, Anthony Mackie, Sebastian Stan, Danai Gurira, Letitia Wright, Dave Bautista, Zoe Saldana, Pom Klementieff, Karen Gillan, Benedict Wong, Idris Elba, Peter Dinklage, Tom Hiddleston, Vin Diesel, Bradley Cooper, Gwyneth Paltrow, Benicio del Toro, Josh Brolin, Chris Pratt",[91],
91,APRIL,27,Disobedience,Bleecker Street,"Sebastián Lelio (director/screenplay); Rebecca Lenkiewicz (screenplay); Rachel Weisz, Rachel McAdams, Alessandro Nivola",[35],
92,APRIL,27,Backstabbing for Beginners,A24,"Per Fly (director); Daniel Pyne, Per Fly (screenplay); Ben Kingsley, Theo James, Jacqueline Bisset",[92],
93,APRIL,27,Kings,The Orchard,"Deniz Gamze Ergüven (director/screenplay); Halle Berry, Daniel Craig",[93],
94,MAY,4,Overboard,Metro-Goldwyn-Mayer / Lionsgate / Pantelion Films,"Rob Greenberg, Bob Fisher (directors/screenplay); Anna Faris, Eugenio Derbez, Eva Longoria, John Hannah, Josh Segarra, Mel Rodriguez",[88],
95,MAY,4,Tully,Focus Features / Bron Studios,"Jason Reitman (director); Diablo Cody (screenplay); Charlize Theron, Mackenzie Davis, Mark Duplass, Ron Livingston",[94],
96,MAY,4,Bad Samaritan,Electric Entertainment,"Dean Devlin (director); Brandon Boyce (screenplay); David Tennant, Robert Sheehan, Carlito Olivero, Kerry Condon, Jacqueline Byers",[95],
97,MAY,4,The Cleanse,Vertical Entertainment,"Bobby Miller (director/screenplay); Johnny Galecki, Anna Friel, Oliver Platt, Anjelica Huston",[96],
98,MAY,4,The Guardians,Music Box Films,Xavier Beauvois (director/screenplay); Nathalie Baye,[97],
99,MAY,11,Life of the Party,Warner Bros. Pictures / New Line Cinema,"Ben Falcone (director/screenplay); Melissa McCarthy (screenplay); Melissa McCarthy, Maya Rudolph, Molly Gordon, Julie Bowen, Gillian Jacobs, Debby Ryan, Matt Walsh, Jacki Weaver",[98],
100,MAY,11,Breaking In,Universal Pictures,"James McTeigue (director); Ryan Engle (screenplay); Gabrielle Union, Billy Burke, Richard Cabral, Seth Carr, Levi Meaden, Ajiona Alexus, Christa Miller",[99],
101,MAY,11,The Seagull,Sony Pictures Classics,"Michael Mayer (director); Stephen Karam (screenplay); Saoirse Ronan, Annette Bening, Corey Stoll, Billy Howle",[100],
102,MAY,11,Terminal,RLJE Films,"Vaughn Stein (director/screenplay); Margot Robbie, Simon Pegg, Dexter Fletcher, Max Irons, Mike Myers",[101],
103,MAY,11,Revenge,Neon,"Coralie Fargeat (director/screenplay); Matilda Lutz, Kevin Janssens, Vincent Colombe, Guillaume Bouchède",[102],
104,MAY,18,Deadpool 2,20th Century Fox / Marvel Entertainment / TSG Entertainment,"David Leitch (director); Rhett Reese, Paul Wernick, Ryan Reynolds (screenplay); Ryan Reynolds, Josh Brolin, Zazie Beetz, Julian Dennison, Morena Baccarin, T. J. Miller, Brianna Hildebrand, Stefan Kapičić, Jack Kesy",[103],
105,MAY,18,Book Club,Paramount Pictures,"Bill Holderman (director/screenplay); Erin Simms (screenplay); Jane Fonda, Candice Bergen, Mary Steenburgen, Diane Keaton",[104],
106,MAY,18,First Reformed,A24,"Paul Schrader (director/screenplay); Ethan Hawke, Amanda Seyfried, Cedric Kyles",[105],
107,MAY,18,Pope Francis: A Man of His Word,Focus Features,Wim Wenders (director); Pope Francis,[106],
108,MAY,18,Show Dogs,Global Road Entertainment,"Raja Gosnell (director); Max Botkin (screenplay); Will Arnett, Natasha Lyonne, Ludacris, Stanley Tucci, Shaquille O'Neal, Gabriel Iglesias, Alan Cumming, Oliver Tompsett, Andy Beckwith",[107],
109,MAY,25,Solo: A Star Wars Story,Lucasfilm,"Ron Howard (director); Lawrence Kasdan, Jon Kasdan (screenplay); Alden Ehrenreich, Woody Harrelson, Emilia Clarke, Donald Glover, Thandie Newton, Phoebe Waller-Bridge, Joonas Suotamo, Paul Bettany",[108],
110,MAY,25,How to Talk to Girls at Parties,A24,"John Cameron Mitchell (director); Philippa Goslett, John Cameron Mitchell (screenplay); Elle Fanning, Alex Sharp, Nicole Kidman, Ruth Wilson, Matt Lucas",[109],
111,MAY,25,In Darkness,Vertical Entertainment,"Anthony Byrne (director); Anthony Byrne, Natalie Dormer (screenplay); Natalie Dormer, Emily Ratajkowski, Ed Skrein, Joely Richardson, Neil Maskell, James Cosmo, Jan Bijvoet",[110],
112,MAY,25,The Misandrists,Cartilage Films,"Bruce LaBruce (director); Bruce LaBruce (screenplay); Susanne Sachße, Viva Ruiz, Kembra Pfahler, Caprice Crawford, Grete Gehrke",[111],
113,MAY,25,Future World,Lionsgate Premiere,"James Franco, Bruce Thierry Cheung (director); Bruce Thierry Cheung, Jeremy Cheung, Jay Davis (screenplay); James Franco, Suki Waterhouse, Jeffrey Wahlberg, Margarita Levieva, Snoop Dogg, George Lewis Jr., Method Man, Lucy Liu, Milla Jovovich",[112],
114,JUNE,1,Action Point,Paramount Pictures,"Tim Kirkby (director); Johnny Knoxville (screenplay); Johnny Knoxville, Chris Pontius",[113],
115,JUNE,1,Adrift,STX Entertainment,"Baltasar Kormákur (director); Aaron Kandell, Jordan Kandell, David Branson Smith (screenplay); Shailene Woodley, Sam Claflin",[114],
116,JUNE,1,Upgrade,BH Tilt,"Leigh Whannell (director/screenplay); Logan Marshall-Green, Betty Gabriel, Harrison Gilbertson, Melanie Vallejo, Benedict Hardie, Linda Cropper, Simon Maiden",[115],
117,JUNE,1,American Animals,The Orchard / MoviePass Ventures,"Bart Layton (director/screenplay); Evan Peters, Barry Keoghan, Blake Jenner, Jared Abrahamson, Udo Kier, Ann Dowd",[116],
118,JUNE,1,Social Animals,Vertical Entertainment,"Theresa Bennett (director/screenplay); Noël Wells, Josh Radnor, Aya Cash, Carly Chaikin, Fortune Feimster, Samira Wiley",[117],
119,JUNE,8,Ocean's 8,Warner Bros. Pictures / Village Roadshow Pictures,"Gary Ross (director/screenplay); Olivia Milch (screenplay); Sandra Bullock, Cate Blanchett, Anne Hathaway, Mindy Kaling, Sarah Paulson, Awkwafina, Rihanna, Helena Bonham Carter",[118],
120,JUNE,8,Won't You Be My Neighbor?,Focus Features,Morgan Neville (director); Fred Rogers,[119],
121,JUNE,8,Hereditary,A24,"Ari Aster (director/screenplay); Toni Collette, Alex Wolff, Milly Shapiro, Ann Dowd, Gabriel Byrne",[120],
122,JUNE,8,Hotel Artemis,Global Road Entertainment,"Drew Pearce (director/screenplay); Jodie Foster, Sterling K. Brown, Sofia Boutella, Jeff Goldblum, Dave Bautista, Brian Tyree Henry, Jenny Slate, Zachary Quinto, Charlie Day",[121],
123,JUNE,13,Superfly,Columbia Pictures,"Director X (director); Alex Tse (screenplay); Trevor Jackson, Jason Mitchell, Michael K. Williams, Esai Morales",[122],
124,JUNE,15,Incredibles 2,Walt Disney Pictures / Pixar Animation Studios,"Brad Bird (director/screenplay); Craig T. Nelson, Holly Hunter, Sarah Vowell, Huckleberry Milner, Samuel L. Jackson, Bob Odenkirk, Catherine Keener, Jonathan Banks",[123],
125,JUNE,15,Tag,Warner Bros. Pictures / New Line Cinema,"Jeff Tomsic (director); Rob McKittrick, Mark Steilen (screenplay); Ed Helms, Jeremy Renner, Jon Hamm, Jake Johnson, Hannibal Buress, Annabelle Wallis, Isla Fisher, Rashida Jones, Leslie Bibb",[124],
126,JUNE,15,On Chesil Beach,Bleecker Street,"Dominic Cooke (director); Ian McEwan (screenplay); Saoirse Ronan, Billy Howle, Emily Watson, Anne-Marie Duff, Samuel West, Adrian Scarborough",[35],
127,JUNE,15,Gotti,Vertical Entertainment,"Kevin Connolly (director); Lem Dobbs, Leo Rossi (screenplay); John Travolta, Kelly Preston, Stacy Keach, Pruitt Taylor Vince, Spencer Lofranco, William DeMeo, Leo Rossi, Victor Gojcaj",[125],
128,JUNE,22,Jurassic World: Fallen Kingdom,Universal Pictures / Amblin Entertainment / Legendary Pictures,"J.A. Bayona (director); Derek Connolly, Colin Trevorrow (screenplay); Chris Pratt, Bryce Dallas Howard, Rafe Spall, Justice Smith, Daniella Pineda, James Cromwell, Toby Jones, Ted Levine, B. D. Wong, Isabella Sermon, Geraldine Chaplin, Jeff Goldblum",[126],
129,JUNE,22,Boundaries,Sony Pictures Classics,"Shana Feste (director/screenplay); Vera Farmiga, Christopher Plummer, Lewis MacDougall, Bobby Cannavale, Kristen Schaal",[127],
130,JUNE,22,Damsel,Magnolia Pictures,"David Zellner, Nathan Zellner (directors/screenplay); Robert Pattinson, Mia Wasikowska",[128],
131,JUNE,28,The Domestics,Orion Classics,"Mike P. Nelson (director/screenplay); Tyler Hoechlin, Kate Bosworth, Lance Reddick, Sonoya Mizuno, Dana Gourrier, Thomas Francis Murray, David Dastmalchian",[129],
132,JUNE,29,Sicario: Day of the Soldado,Columbia Pictures / Black Label Media / Thunder Road Pictures,"Stefano Sollima (director); Taylor Sheridan (screenplay); Benicio del Toro, Josh Brolin, Isabela Moner, Jeffrey Donovan, Manuel Garcia-Rulfo, Catherine Keener",[130],
133,JUNE,29,Leave No Trace,Bleecker Street,"Debra Granik (director/screenplay); Anne Rosellini (screenplay); Ben Foster, Thomasin McKenzie, Jeff Kober, Dale Dickey",[131],
134,JUNE,29,Uncle Drew,Summit Entertainment,"Charles Stone III (director); Jay Longino (screenplay); Kyrie Irving, Lil Rel Howery, Shaquille O'Neal, Reggie Miller, Nate Robinson, Chris Webber, Erica Ash, Lisa Leslie, Nick Kroll, Tiffany Haddish",[132],
135,JUNE,29,Woman Walks Ahead,A24,"Susanna White (director); Steven Knight (screenplay); Jessica Chastain, Michael Greyeyes, Chaske Spencer, Sam Rockwell",[133],
136,JULY,4,The First Purge,Universal Pictures / Blumhouse Productions / Platinum Dunes,"Gerard McMurray (director); James DeMonaco (screenplay); Y'lan Noel, Lex Scott Davis, Joivan Wade, Luna Lauren Velez, Marisa Tomei",[134],
137,JULY,6,Ant-Man and the Wasp,Marvel Studios,"Peyton Reed (director); Chris McKenna, Erik Sommers, Paul Rudd, Andrew Barrer, Gabriel Ferrari (screenplay); Paul Rudd, Evangeline Lilly, Michael Peña, Michael Douglas, Michelle Pfeiffer, Walton Goggins, Hannah John-Kamen, Bobby Cannavale, Judy Greer, Tip ""T.I."" Harris, David Dastmalchian, Abby Ryder Fortson, Randall Park, Laurence Fishburne",[135],
138,JULY,6,Sorry to Bother You,Annapurna Pictures,"Boots Riley (director/screenplay); Lakeith Stanfield, Tessa Thompson, Armie Hammer, Steven Yeun, Jermaine Fowler, Omari Hardwick, Terry Crews, Danny Glover, Patton Oswalt, David Cross",[136],
139,JULY,6,Whitney,Roadside Attractions / Miramax,Kevin MacDonald (director/screenplay); Whitney Houston,[137],
140,JULY,13,Hotel Transylvania 3: Summer Vacation,Columbia Pictures / Sony Pictures Animation,"Genndy Tartakovsky (director/screenplay); Michael McCullers (screenplay); Adam Sandler, Andy Samberg, Selena Gomez, Kevin James, Fran Drescher, Steve Buscemi, Molly Shannon, David Spade, Keegan-Michael Key, Jim Gaffigan, Kathryn Hahn, Mel Brooks",[138],
141,JULY,13,Skyscraper,Universal Pictures / Legendary Pictures,"Rawson Marshall Thurber (director/screenplay); Dwayne Johnson, Neve Campbell, Chin Han, Roland Møller, Pablo Schreiber, Byron Mann, Hannah Quinlivan, Noah Taylor",[139],
142,JULY,13,Eighth Grade,A24,"Bo Burnham (director/screenplay); Elsie Fisher, Josh Hamilton, Emily Robinson, Missy Yager",[140],
143,JULY,13,"Don't Worry, He Won't Get Far on Foot",Amazon Studios,"Gus Van Sant (director/screenplay); Joaquin Phoenix, Rooney Mara, Jonah Hill, Jack Black",[141],
144,JULY,13,Shock and Awe,Vertical Entertainment,"Rob Reiner (director); Joey Hartstone (screenplay); Woody Harrelson, Tommy Lee Jones, James Marsden, Milla Jovovich, Jessica Biel, Richard Schiff, Al Sapienza",[142],
145,JULY,20,Mamma Mia! Here We Go Again,Universal Pictures / Legendary Pictures / Perfect World Pictures,"Ol Parker (director/screenplay); Lily James, Amanda Seyfried, Pierce Brosnan, Colin Firth, Stellan Skarsgård, Julie Walters, Christine Baranski, Dominic Cooper, Cher, Andy García, Meryl Streep",[143],
146,JULY,20,The Equalizer 2,Columbia Pictures / Escape Artists,"Antoine Fuqua (director); Richard Wenk (screenplay); Denzel Washington, Ashton Sanders, Pedro Pascal, Melissa Leo, Bill Pullman",[144],
147,JULY,20,Blindspotting,Summit Entertainment / Codeblack Films,"Carlos López Estrada (director); Daveed Diggs, Rafael Casal (screenplay); Janina Gavankar, Ethan Embry, Daveed Diggs, Rafael Casal, Wayne Knight",[145],
148,JULY,20,Unfriended: Dark Web,BH Tilt,"Stephen Susco (director/screenplay); Colin Woodell, Rebecca Rittenhouse, Betty Gabriel, Andrew Lees, Connor Del Rio, Stephanie Nogueras, Savira Windyani",[146],
149,JULY,20,Bleach,Warner Bros. Pictures,"Shinsuke Sato (director); Sota Fukushi, Hana Sugisaki",[147],
150,JULY,20,Gauguin – Voyage de Tahiti,Cohen Media Group,"Édouard Deluc (director/screenplay); Étienne Comar (screenplay); Vincent Cassel, Tuheï Adams, Malik Zidi",[148],
151,JULY,27,Mission: Impossible – Fallout,Paramount Pictures / Skydance Media / Bad Robot Productions,"Christopher McQuarrie (director/screenplay); Tom Cruise, Henry Cavill, Ving Rhames, Simon Pegg, Rebecca Ferguson, Sean Harris, Angela Bassett, Michelle Monaghan, Alec Baldwin",[149],
152,JULY,27,Teen Titans Go! To the Movies,Warner Bros. Pictures / Warner Bros. Animation / DC Entertainment,"Peter Rida Michail (director); Aaron Horvath (co-director/screenplay); Michael Jelenic (screenplay); Scott Menville, Khary Payton, Tara Strong, Greg Cipes, Hynden Walch, Will Arnett, Kristen Bell",[150],
153,JULY,27,Detective Dee: The Four Heavenly Kings,Huayi Brothers,"Tsui Hark (director), Chang Chia-lu, Chen Kuo-Fu (screenplay), Mark Chao, Feng Shaofeng, Lin Gengxin, Carina Lau, Ethan Juan, Sandra Ma",[151],
154,JULY,27,Hot Summer Nights,A24,"Elijah Bynum (director/screenplay); Timothée Chalamet, Maika Monroe, Alex Roe, Maia Mitchell",[152],
155,JULY,27,Puzzle,Sony Pictures Classics,"Marc Turtletaub (director); Oren Moverman (screenplay); Kelly Macdonald, Irrfan Khan, David Denman, Bubba Weiler, Austin Abrams, Liv Hewson",[153],
156,AUGUST,3,Christopher Robin,Walt Disney Pictures,"Marc Forster (director); Tom McCarthy, Alex Ross Perry, Allison Schroeder (screenplay); Ewan McGregor, Hayley Atwell, Jim Cummings, Brad Garrett, Nick Mohammed, Peter Capaldi, Sophie Okonedo, Toby Jones",[154],
157,AUGUST,3,The Darkest Minds,20th Century Fox / 21 Laps Entertainment,"Jennifer Yuh Nelson (director); Chad Hodge (screenplay); Amandla Stenberg, Mandy Moore, Harris Dickinson, Gwendoline Christie",[155],
158,AUGUST,3,The Spy Who Dumped Me,Lionsgate / Imagine Entertainment,"Susanna Fogel (director/screenplay); David Iserson (screenplay); Mila Kunis, Kate McKinnon, Justin Theroux, Sam Heughan, Gillian Anderson",[156],
159,AUGUST,3,The Miseducation of Cameron Post,FilmRise,"Desiree Akhavan (director); Desiree Akhavan, Cecilia Frugiuele (screenplay); Chloë Grace Moretz, Sasha Lane, John Gallagher, Jr., Forrest Goodluck, Jennifer Ehle",[157],
160,AUGUST,3,Never Goin' Back,A24,"Augustine Frizzell (director/screenplay); Maia Mitchell, Camila Morrone, Kyle Mooney, Joel Allen, Kendal Smith, Matthew Holcomb",[158],
161,AUGUST,8,Dog Days,LD Entertainment,"Ken Marino (director); Elissa Matsueda, Erica Oyama (screenplay); Nina Dobrev, Finn Wolfhard, Vanessa Hudgens, Adam Pally, Eva Longoria",[159],
162,AUGUST,10,The Meg,Warner Bros. Pictures,"Jon Turteltaub (director); Dean Georgaris, Jon Hoeber, Erich Hoeber (screenplay); Jason Statham, Li Bingbing, Rainn Wilson, Ruby Rose, Winston Chao, Cliff Curtis",[160],
163,AUGUST,10,BlacKkKlansman,Focus Features / Legendary Pictures / Perfect World Pictures,"Spike Lee (director); Spike Lee, David Rabinowitz, Charlie Wachtel, Kevin Willmott (screenplay); John David Washington, Adam Driver, Laura Harrier, Topher Grace",[161],
164,AUGUST,10,Slender Man,Screen Gems,"Sylvain White (director); David Birke (screenplay); Joey King, Julia Goldani Telles, Jaz Sinclair, Annalise Basso, Javier Botet",[162],
165,AUGUST,10,A Prayer Before Dawn,A24,"Jean-Stéphane Sauvaire (director); Jonathan Hirschbein, Nick Saltrese (screenplay); Joe Cole",[163],
166,AUGUST,15,Crazy Rich Asians,Warner Bros. Pictures,"Jon M. Chu (director); Peter Chiarelli, Adele Lim (screenplay); Constance Wu, Henry Golding, Gemma Chan, Awkwafina, Lisa Lu, Ken Jeong, Michelle Yeoh",[164],
167,AUGUST,17,Alpha,Columbia Pictures,"Albert Hughes (director); Dan Wiedenhaupt (screenplay); Kodi Smit-McPhee, Leonor Varela, Jens Hultén",[165],
168,AUGUST,17,Mile 22,STX Entertainment,"Peter Berg (director); Graham Roland, Lea Carpenter (screenplay); Mark Wahlberg, John Malkovich, Lauren Cohan, Iko Uwais, Ronda Rousey",[166],
169,AUGUST,17,The Wife,Sony Pictures Classics,"Björn Runge (director); Jane Anderson (screenplay); Glenn Close, Jonathan Pryce, Christian Slater, Max Irons, Annie Starke, Harry Lloyd, Elizabeth McGovern",[167],
170,AUGUST,17,Billionaire Boys Club,Vertical Entertainment,"James Cox (director); James Cox, Captain Mauzner (screenplay); Ansel Elgort, Taron Egerton, Kevin Spacey, Jeremy Irvine, Cary Elwes, Emma Roberts, Billie Lourd, Suki Waterhouse, Judd Nelson",[168],
171,AUGUST,17,"Juliet, Naked",Lionsgate / Roadside Attractions,"Jesse Peretz (director); Tamara Jenkins, Phil Alden Robinson, Jim Taylor (screenplay); Ethan Hawke, Rose Byrne",[169],
172,AUGUST,17,Down a Dark Hall,Lionsgate Premiere,"Rodrigo Cortés (director); Michael Goldbach, Chris Sparling (screenplay); AnnaSophia Robb, Uma Thurman, Isabelle Fuhrman, Kirsty Mitchell, Taylor Russell, Jim Sturgeon, Victoria Moroles",[170],
173,AUGUST,24,The Happytime Murders,STX Entertainment / Henson Alternative / On the Day Productions,"Brian Henson (director); Todd Berger (screenplay); Melissa McCarthy, Maya Rudolph, Joel McHale, Elizabeth Banks",[171],
174,AUGUST,24,Searching,Screen Gems / Stage 6 Films,"Aneesh Chaganty (director/screenplay); Sev Ohanian (screenplay); John Cho, Debra Messing",[172],
175,AUGUST,24,Papillon,Bleecker Street,"Michael Noer (director); Aaron Guzikowski (screenplay); Charlie Hunnam, Rami Malek",[173],
176,AUGUST,24,A.X.L.,Global Road Entertainment,"Oliver Daly (director/screenplay); Alex Neustaedter, Becky G, Alex MacNicoll, Thomas Jane, Lou Taylor Pucci, Patricia de Leon",[174],
177,AUGUST,29,Operation Finale,Metro-Goldwyn-Mayer,"Chris Weitz (director); Matthew Orton (screenplay); Oscar Isaac, Ben Kingsley, Lior Raz, Mélanie Laurent, Nick Kroll, Joe Alwyn",[175],
178,AUGUST,31,Kin,Summit Entertainment,"Jonathan Baker, Josh Baker (director/screenplay); Daniel Casey (screenplay); Myles Truitt, Jack Reynor, Zoë Kravitz, Carrie Coon, Dennis Quaid, James Franco",[176],
179,AUGUST,31,The Little Stranger,Focus Features,"Lenny Abrahamson (director); Lucinda Coxon (screenplay); Domhnall Gleeson, Ruth Wilson, Will Poulter, Charlotte Rampling, Alison Pargeter",[177],
180,AUGUST,31,Destination Wedding,Regatta,"Victor Levin (director/screenplay); Winona Ryder, Keanu Reeves",[178],
181,SEPTEMBER,7,The Nun,Warner Bros. Pictures / New Line Cinema,"Corin Hardy (director); Gary Dauberman (screenplay); Demián Bichir, Taissa Farmiga, Jonas Bloquet, Charlotte Hope, Ingrid Bisu, Bonnie Aarons",[179],
182,SEPTEMBER,7,Peppermint,STX Entertainment / Lakeshore Entertainment,"Pierre Morel (director); Chad St. John (screenplay); Jennifer Garner, John Ortiz, Juan Pablo Raba, John Gallagher Jr., Annie Ilonzeh, Richard Cabral",[180],
183,SEPTEMBER,14,The Predator,20th Century Fox / TSG Entertainment,"Shane Black (director/screenplay); Fred Dekker (screenplay); Boyd Holbrook, Trevante Rhodes, Jacob Tremblay, Keegan-Michael Key, Olivia Munn, Thomas Jane, Alfie Allen, Sterling K. Brown",[181],
184,SEPTEMBER,14,White Boy Rick,Columbia Pictures,"Yann Demange (director); Logan Miller, Steve Kloves, Noah Miller, Andy Weiss (screenplay); Matthew McConaughey, Richie Merritt, Bel Powley, Jennifer Jason Leigh, Brian Tyree Henry, Rory Cochrane, RJ Cyler, Jonathan Majors, Eddie Marsan, Bruce Dern, Piper Laurie",[165],
185,SEPTEMBER,14,A Simple Favor,Lionsgate,"Paul Feig (director/screenplay); Jessica Sharzer (screenplay); Anna Kendrick, Blake Lively, Henry Golding, Andrew Rannells",[182],
186,SEPTEMBER,14,The Children Act,A24,"Richard Eyre (director); Ian McEwan (screenplay); Emma Thompson, Stanley Tucci, Fionn Whitehead",[183],
187,SEPTEMBER,14,Lizzie,Saban Films / Roadside Attractions,"Craig William Macneill (director); Bryce Kass (screenplay); Chloë Sevigny, Kristen Stewart, Jay Huguley, Fiona Shaw, Jamey Sheridan, Kim Dickens, Denis O'Hare, Jeff Perry",[184],
188,SEPTEMBER,14,Unbroken: Path to Redemption,Pure Flix,"Harold Cronk (director); Richard Friedenberg, Ken Hixon (screenplay); Samuel Hunt, Merritt Patterson, Vanessa Bell Calloway, Bobby Campo, David DeLuise, David Sakurai, WIll Graham",[185],
189,SEPTEMBER,21,The House with a Clock in Its Walls,Universal Pictures / Amblin Entertainment,"Eli Roth (director); Eric Kripke (screenplay); Jack Black, Cate Blanchett, Owen Vaccaro, Kyle MacLachlan, Renée Elise Goldsberry, Sunny Suljic, Vanessa Anne Williams, Colleen Camp",[186],
190,SEPTEMBER,21,Life Itself,Amazon Studios / Temple Hill Entertainment,"Dan Fogelman (director/screenplay); Oscar Isaac, Olivia Wilde, Mandy Patinkin, Olivia Cooke, Laia Costa, Annette Bening, Antonio Banderas",[187],
191,SEPTEMBER,21,The Sisters Brothers,Annapurna Pictures,"Jacques Audiard (director); Jacques Audiard, Thomas Bidegain (screenplay); John C. Reilly, Joaquin Phoenix, Jake Gyllenhaal, Riz Ahmed",[188],
192,SEPTEMBER,21,Assassination Nation,Neon,"Sam Levinson (director/screenplay); Odessa Young, Suki Waterhouse, Hari Nef, Abra, Bella Thorne, Bill Skarsgård, Cody Christian, Joel McHale, Maude Apatow, Colman Domingo, Anika Noni Rose",[189],
193,SEPTEMBER,21,Colette,Bleecker Street,"Wash Westmoreland (director/screenplay); Richard Glatzer (screenplay); Keira Knightley, Dominic West",[190],
194,SEPTEMBER,21,Fahrenheit 11/9,Briarcliff / State Run Films,Michael Moore (director/screenplay),[191],
195,SEPTEMBER,21,My Son,Cohen Media Group,"Christian Carion (director/screenplay); Guillaume Canet, Melanie Laurent",[192],
196,SEPTEMBER,21,"Love, Gilda",Magnolia Pictures / Motto Pictures / 3 Faces Films,Lisa Dapolito (director); Gilda Radner,[193],
197,SEPTEMBER,25,My Hero Academia: Two Heroes,Toho / Bones,"Kenji Nagasaki (director); Yōsuke Kuroda (screenplay); Justin Briner, Christopher R. Sabat, Clifford Chapin, Luci Christian, J. Michael Tatum, David Matranga",[194],
198,SEPTEMBER,28,Smallfoot,Warner Bros. Pictures / Warner Animation Group,"Karey Kirkpatrick (director/screenplay); Clare Sera (screenplay); Channing Tatum, James Corden, Zendaya, Common, LeBron James, Gina Rodriguez, Danny DeVito, Yara Shahidi, Ely Henry, Jimmy Tatro",[195],
199,SEPTEMBER,28,Night School,Universal Pictures / Will Packer Productions,"Malcolm D. Lee (director); Kevin Hart, Harry Ratchford, Joey Wells, Matt Kellard, Nicholas Stoller (screenplay); Kevin Hart, Tiffany Haddish, Rob Riggle, Romany Malco",[196],
200,SEPTEMBER,28,The Old Man & the Gun,Fox Searchlight Pictures,"David Lowery (director/screenplay); Robert Redford, Casey Affleck, Danny Glover, Tika Sumpter, Tom Waits, Sissy Spacek",[197],
201,SEPTEMBER,28,Hell Fest,Lionsgate / CBS Films,"Gregory Plotkin (director); William Penick, Chris Sey (screenplay); Bex Taylor-Klaus, Amy Forsyth, Reign Edwards, Christian James, Matt Mercurio, Roby Attal",[198],
202,OCTOBER,2,Power of the Air,Five & Two Pictures,"Dave Christiano (director/screenplay); Nicholas X. Parsons, Patty Duke, Michael Gross, Tracy Goode, Karyn Williams, Wendell Kinney, Veryl Jones",[199],
203,OCTOBER,5,Venom,Columbia Pictures / Marvel Entertainment,"Ruben Fleischer (director); Jeff Pinkner, Scott Rosenberg, Kelly Marcel (screenplay); Tom Hardy, Michelle Williams, Riz Ahmed, Scott Haze, Reid Scott, Jenny Slate",[200],
204,OCTOBER,5,A Star Is Born,Warner Bros. Pictures,"Bradley Cooper (director/screenplay); Eric Roth, Will Fetters (screenplay); Bradley Cooper, Lady Gaga, Sam Elliott, Dave Chappelle, Andrew Dice Clay, Anthony Ramos, Rafi Gavron, Greg Grunberg",[201],
205,OCTOBER,5,The Hate U Give,20th Century Fox / Fox 2000 Pictures,"George Tillman Jr. (director); Audrey Wells (screenplay); Amandla Stenberg, Regina Hall, Russell Hornsby, KJ Apa, Algee Smith, Lamar Johnson, Issa Rae, Sabrina Carpenter, Common, Anthony Mackie",[202],
206,OCTOBER,10,The Happy Prince,Sony Pictures Classics,"Rupert Everett (director/screenplay); Rupert Everett, Colin Firth, Colin Morgan, Emily Watson",[203],
207,OCTOBER,12,First Man,Universal Pictures / DreamWorks Pictures / Amblin Entertainment,"Damien Chazelle (director); Josh Singer (screenplay); Ryan Gosling, Claire Foy, Jason Clarke, Kyle Chandler, Corey Stoll, Ciaran Hinds, Christopher Abbott, Patrick Fugit, Lukas Haas",[204],
208,OCTOBER,12,Bad Times at the El Royale,20th Century Fox,"Drew Goddard (director/screenplay); Jeff Bridges, Cynthia Erivo, Dakota Johnson, Jon Hamm, Cailee Spaeny, Lewis Pullman, Nick Offerman, Chris Hemsworth",[205],
209,OCTOBER,12,Goosebumps 2: Haunted Halloween,Columbia Pictures / Sony Pictures Animation / Original Film,"Ari Sandel (director); Rob Lieber (screenplay); Wendi McLendon-Covey, Madison Iseman, Jeremy Ray Taylor, Caleel Harris, Chris Parnell, Ken Jeong, Jack Black",[206],
210,OCTOBER,12,Beautiful Boy,Amazon Studios / Plan B Entertainment,"Felix van Groeningen (director/screenplay); Luke Davies (screenplay); Steve Carell, Timothée Chalamet, Maura Tierney, Amy Ryan",[207],
211,OCTOBER,12,The Oath,Roadside Attractions,"Ike Barinholtz (director/screenplay); Ike Barinholtz, Tiffany Haddish, Nora Dunn, Chris Ellis, Jon Barinholtz, Meredith Hagner, Carrie Brownstein, Billy Magnussen, John Cho",[208],
212,OCTOBER,12,Gosnell: The Trial of America's Biggest Serial Killer,Hat Tip Films / GVN Releasing,"Nick Searcy (director); Earl Billings, Dean Cain, Sarah Jane Morris, Michael Beach",[209],
213,OCTOBER,19,Halloween,Universal Pictures / Miramax / Blumhouse Productions,"David Gordon Green (director/screenplay); Jeff Fradley, Danny McBride (screenplay); Jamie Lee Curtis, Judy Greer, Andi Matichak, Will Patton, Virginia Gardner",[210],
214,OCTOBER,19,Can You Ever Forgive Me?,Fox Searchlight Pictures,"Marielle Heller (director); Nicole Holofcener, Jeff Whitty (screenplay); Melissa McCarthy, Richard E. Grant",[211],
215,OCTOBER,19,Mid90s,A24,"Jonah Hill (director/screenplay); Sunny Suljic, Lucas Hedges, Katherine Waterston",[212],
216,OCTOBER,19,Wildlife,IFC Films / June Pictures,"Paul Dano (director/screenplay); Zoe Kazan (screenplay); Carey Mulligan, Jake Gyllenhaal, Ed Oxenbould, Bill Camp",[213],
217,OCTOBER,19,What They Had,Bleecker Street,"Elizabeth Chomko (director/screenplay); Hilary Swank, Michael Shannon, Robert Forster, Blythe Danner, Taissa Farmiga, Josh Lucas",[214],
218,OCTOBER,26,Hunter Killer,Summit Entertainment / Original Film,"Donovan Marsh (director); Arne Schmidt, Jamie Moss (screenplay); Gerard Butler, Gary Oldman, Common, Toby Stephens, Linda Cardellini, David Gyasi, Gabriel Chavarria, Zane Holtz, Michael Nyqvist",[215],
219,OCTOBER,26,Johnny English Strikes Again,Universal Pictures / StudioCanal / Working Title Films,"David Kerr (director); William Davies (screenplay); Rowan Atkinson, Olga Kurylenko, Ben Miller",[216],
220,OCTOBER,26,Suspiria,Amazon Studios,"Luca Guadagnino (director); David Kajganich (screenplay); Dakota Johnson, Tilda Swinton, Mia Goth, Angela Winkler, Ingrid Caven, Sylvie Testud, Jessica Harper, Chloë Grace Moretz",[217],
221,OCTOBER,26,Indivisible,Pure Flix,"David G. Evans (director/screenplay); Cheryl McKay (screenplay); Sarah Drew, Justin Bruening, Jason George, Madeline Carroll, Tanner Stine, Michael O'Neill, Tia Mowry, Eric Close",[218],
222,OCTOBER,26,Bullitt County,Mr. Pictures,"David McCracken (director/screenplay); Mike C. Nelson, Jenni Melear, David McCracken, Napoleon Ryan, Richard Riehle, Dorothy Lyman",[219],
223,NOVEMBER,2,Bohemian Rhapsody,20th Century Fox / Regency Enterprises / GK Films,"Bryan Singer (director); Anthony McCarten (screenplay); Rami Malek, Lucy Boynton, Gwilym Lee, Ben Hardy, Joseph Mazzello, Aidan Gillen, Allen Leech, Tom Hollander, Mike Myers",[220],
224,NOVEMBER,2,The Nutcracker and the Four Realms,Walt Disney Pictures,"Lasse Hallström, Joe Johnston (director); Ashleigh Powell (screenplay); Keira Knightley, Mackenzie Foy, Eugenio Derbez, Matthew Macfadyen, Richard E. Grant, Misty Copeland, Helen Mirren, Morgan Freeman",[221],
225,NOVEMBER,2,Nobody's Fool,Paramount Players / Tyler Perry Studios,"Tyler Perry (director/screenplay); Tiffany Haddish, Tika Sumpter, Omari Hardwick, Mehcad Brooks, Amber Riley, Whoopi Goldberg",[222],
226,NOVEMBER,2,Boy Erased,Focus Features / Perfect World Pictures,"Joel Edgerton (director/screenplay); Lucas Hedges, Nicole Kidman, Russell Crowe, Joel Edgerton, Joe Alwyn, Xavier Dolan, Troye Sivan, Cherry Jones, Flea",[223],
227,NOVEMBER,2,A Private War,Aviron Pictures,"Matthew Heineman (director); Arash Amel (screenplay); Rosamund Pike, Jamie Dornan, Stanley Tucci, Tom Hollander",[224],
228,NOVEMBER,2,Bodied,Neon / YouTube Premium,"Joseph Kahn (director); Alex Larsen (screenplay); Calum Worthy, Jackie Long, Rory Uphold, Dumbfoundead, Walter Perez, Anthony Michael Hall",[225],
229,NOVEMBER,6,The Front Runner,Columbia Pictures,"Jason Reitman (director); Matt Bai, Jason Reitman, Jay Carson (screenplay); Hugh Jackman, Vera Farmiga, J. K. Simmons, Alfred Molina",[226],
230,NOVEMBER,9,The Grinch,Universal Pictures / Illumination,"Yarrow Cheney, Scott Mosier (directors); Matthew O'Callaghan (co-director); Michael LeSieur, Tommy Swerdlow (screenplay); Benedict Cumberbatch, Rashida Jones, Kenan Thompson, Cameron Seely, Angela Lansbury, Pharrell Williams",[227],
231,NOVEMBER,9,The Girl in the Spider's Web,Columbia Pictures / Metro-Goldwyn-Mayer / Regency Enterprises,"Fede Alvarez (director/screenplay); Steven Knight, Jay Basu (screenplay); Claire Foy, Sverrir Gudnason, Lakeith Stanfield, Sylvia Hoeks, Stephen Merchant",[162],
232,NOVEMBER,9,Overlord,Paramount Pictures / Bad Robot Productions,"Julius Avery (director); Billy Ray, Mark L. Smith (screenplay); Jovan Adepo, Wyatt Russell, Mathilde Ollivier, John Magaro, Gianny Taufer, Pilou Asbæk, Bokeem Woodbine",[228],
233,NOVEMBER,9,The Ballad of Buster Scruggs,Netflix / Annapurna Pictures,"Joel and Ethan Coen (directors/screenplay); Tim Blake Nelson, Zoe Kazan, Liam Neeson, Tom Waits",[229],
234,NOVEMBER,13,Lazer Team 2,Rooster Teeth,"Daniel Fabelo & Matt Hullum (director); Daniel Fabelo, Matt Hullum & Burnie Burns (screenplay); Gavin Free, Michael Jones, Burnie Burns, Colton Dunn, Nichole Bloom, Allie DeBerry",[230],
235,NOVEMBER,13,The Marine 6: Close Quarters,WWE Studios / Sony Pictures Home Entertainment,"James Nunn (director); Craig Walendziak (screenplay); Chuck Norris (edited); Mike ""The Miz"" Mizanin, Shawn Michaels, Becky Lynch",,
236,NOVEMBER,15,Conundrum: Secrets Among Friends,Lionsgate,"Josh Webber (director); Shaun Cairo (Screenplay), Jo Marie Payton, Gary Leroi Gray, Paula Jai Parker, Parker McKenna Posey",[231],
237,NOVEMBER,16,Fantastic Beasts: The Crimes of Grindelwald,Warner Bros. Pictures / Heyday Films,"David Yates (director); J. K. Rowling (screenplay); Eddie Redmayne, Katherine Waterston, Dan Fogler, Alison Sudol, Ezra Miller, Zoë Kravitz, Callum Turner, Claudia Kim, William Nadylam, Kevin Guthrie, Jude Law, Johnny Depp",[232],
238,NOVEMBER,16,Widows,20th Century Fox / Regency Enterprises / Film4 Productions,"Steve McQueen (director/screenplay); Gillian Flynn (screenplay); Viola Davis, Michelle Rodriguez, Elizabeth Debicki, Cynthia Erivo, Colin Farrell, Brian Tyree Henry, Daniel Kaluuya, Carrie Coon, Jacki Weaver, Robert Duvall, Liam Neeson",[43],
239,NOVEMBER,16,Instant Family,Paramount Pictures,"Sean Anders (director/screenplay); John Morris (screenplay); Mark Wahlberg, Rose Byrne, Isabela Moner, Tig Notaro, Margo Martindale, Julie Hagerty, Octavia Spencer",[233],
240,NOVEMBER,21,Ralph Breaks the Internet,Walt Disney Pictures / Walt Disney Animation Studios,"Rich Moore, Phil Johnston (directors); Phil Johnston, Pamela Ribon (screenplay); John C. Reilly, Sarah Silverman, Gal Gadot, Taraji P. Henson, Jack McBrayer, Jane Lynch, Bill Hader, Alfred Molina, Alan Tudyk, Ed O'Neill",[48],
241,NOVEMBER,21,Creed II,Metro-Goldwyn-Mayer / Warner Bros. Pictures,"Steven Caple Jr. (director); Sylvester Stallone, Juel Taylor (screenplay); Michael B. Jordan, Sylvester Stallone, Tessa Thompson, Dolph Lundgren, Florian Munteanu, Wood Harris, Phylicia Rashad",[234],
242,NOVEMBER,21,Green Book,Universal Pictures / DreamWorks Pictures / Participant Media,"Peter Farrelly (director/screenplay); Brian Hayes Currie, Nick Vallelonga (screenplay); Viggo Mortensen, Mahershala Ali, Linda Cardellini",[235],
243,NOVEMBER,21,Robin Hood,Summit Entertainment,"Otto Bathurst (director); Ben Chandler, David James Kelly (screenplay); Taron Egerton, Jamie Foxx, Ben Mendelsohn, Eve Hewson, Tim Minchin, Jamie Dornan",[236],
244,NOVEMBER,21,Roma,Netflix / Participant Media,"Alfonso Cuarón (director/screenplay); Yalitza Aparicio, Marina de Tavira, Fernando Grediaga, Jorge Antonio Guerrero",[237],
245,NOVEMBER,23,The Favourite,Fox Searchlight Pictures / Film4 Productions,"Yorgos Lanthimos (director); Deborah Davis, Tony McNamara (screenplay); Olivia Colman, Emma Stone, Rachel Weisz, Nicholas Hoult, Joe Alwyn",[238],
246,NOVEMBER,29,Mowgli: Legend of the Jungle,Netflix / Warner Bros. Pictures,"Andy Serkis (director); Callie Kloves (screenplay); Rohan Chand, Christian Bale, Cate Blanchett, Benedict Cumberbatch, Andy Serkis, Matthew Rhys, Freida Pinto, Naomie Harris",[239],
247,NOVEMBER,30,The Possession of Hannah Grace,Screen Gems,"Diederik van Rooijen (director); Brian Sieve (writer); Shay Mitchell, Grey Damon, Kirby Johnson, Stana Katic",[240],
248,NOVEMBER,30,Anna and the Apocalypse,Orion Pictures,"John McPhail (director); Alan McDonald, Ryan McHenry (screenplay); Ella Hunt, Malcolm Cumming, Marli Siu, Sarah Swire, Christopher Leveaux, Ben Wiggins",[241],
249,NOVEMBER,DECEMBER,4,Capernaum,Sony Pictures Classics,"Nadine Labaki (director/screenplay); Zain Al Rafeea, Yordanos Shiferaw, Boluwatife Treasure Bankole, Kawthar Al Haddad",[242]
250,7,DECEMBER,Mary Queen of Scots,Focus Features / Working Title Films,"Josie Rourke (director); Beau Willimon (screenplay); Saoirse Ronan, Margot Robbie, Jack Lowden, Joe Alwyn, David Tennant, Guy Pearce",[243],
251,7,DECEMBER,Ben Is Back,LD Entertainment / Lionsgate / Roadside Attractions,"Peter Hedges (director/screenplay); Lucas Hedges, Julia Roberts, Kathryn Newton, Courtney B. Vance",[244],
252,14,DECEMBER,Spider-Man: Into the Spider-Verse,Columbia Pictures / Marvel Entertainment / Sony Pictures Animation,"Bob Persichetti, Peter Ramsey, Rodney Rothman (directors); Phil Lord, Rodney Rothman (screenplay); Shameik Moore, Jake Johnson, Hailee Steinfeld, Mahershala Ali, Brian Tyree Henry, Luna Lauren Velez, Lily Tomlin, Zoë Kravitz, John Mulaney, Kimiko Glenn, Nicolas Cage, Kathryn Hahn, Liev Schreiber, Chris Pine",[245],
253,14,DECEMBER,Mortal Engines,Universal Pictures / Media Rights Capital / WingNut Films,"Christian Rivers (director); Peter Jackson, Fran Walsh, Philippa Boyens (screenplay); Hugo Weaving, Hera Hilmar, Robert Sheehan, Jihae, Ronan Raftery, Leila George, Patrick Malahide, Stephen Lang",[246],
254,14,DECEMBER,The Mule,Warner Bros. Pictures,"Clint Eastwood (director); Nick Schenk (screenplay); Clint Eastwood, Bradley Cooper, Laurence Fishburne, Michael Peña, Dianne Wiest, Andy Garcia",[247],
255,14,DECEMBER,If Beale Street Could Talk,Annapurna Pictures / Plan B Entertainment,"Barry Jenkins (director/screenplay); Kiki Layne, Stephan James, Teyonah Parris, Regina King, Dave Franco, Ed Skrein, Diego Luna, Emily Rios",[248],
256,19,DECEMBER,Mary Poppins Returns,Walt Disney Pictures,"Rob Marshall (director); David Magee (screenplay); Emily Blunt, Lin-Manuel Miranda, Ben Whishaw, Emily Mortimer, Julie Walters, Colin Firth, Meryl Streep, Dick Van Dyke, Angela Lansbury",[249],
257,21,DECEMBER,Aquaman,Warner Bros. Pictures / DC Films,"James Wan (director); David Leslie Johnson-McGoldrick, Will Beall (screenplay); Jason Momoa, Amber Heard, Willem Dafoe, Patrick Wilson, Dolph Lundgren, Yahya Abdul-Mateen II, Ludi Lin, Temuera Morrison, Nicole Kidman",[250],
258,21,DECEMBER,Bumblebee,Paramount Pictures / Allspark Pictures / Tencent Pictures,"Travis Knight (director); Christina Hodson (screenplay); Hailee Steinfeld, John Cena, Jorge Lendeborg Jr., John Ortiz, Jason Drucker, Pamela Adlon, Dylan O'Brien, Angela Bassett, Justin Theroux, Peter Cullen",[251],
259,21,DECEMBER,Welcome to Marwen,Universal Pictures / DreamWorks Pictures / ImageMovers,"Robert Zemeckis (director/screenplay); Caroline Thompson (screenplay); Steve Carell, Leslie Mann, Diane Kruger, Falk Hentschel, Janelle Monáe, Eiza Gonzalez, Gwendoline Christie",[252],
260,21,DECEMBER,Second Act,STX Entertainment,"Peter Segal (director); Elaine Goldsmith-Thomas, Justin Zackham (screenplay); Jennifer Lopez, Leah Remini, Vanessa Hudgens, Treat Williams, Milo Ventimiglia",[253],
261,21,DECEMBER,Cold War,Amazon Studios,"Paweł Pawlikowski (director); Paweł Pawlikowski, Janusz Głowacki (screenplay); Joanna Kulig, Tomasz Kot, Agata Kulesza",[254],
262,25,DECEMBER,Holmes & Watson,Columbia Pictures / Gary Sanchez Productions,"Etan Cohen (director/screenplay); Will Ferrell, John C. Reilly, Rebecca Hall, Ralph Fiennes, Rob Brydon, Kelly Macdonald, Steve Coogan, Lauren Lapkus, Pam Ferris, Hugh Laurie",[162],
263,25,DECEMBER,Vice,Annapurna Pictures / Plan B Entertainment,"Adam McKay (director/screenplay); Christian Bale, Amy Adams, Steve Carell, Sam Rockwell, Tyler Perry, Alison Pill, Lily Rabe, Jesse Plemons",[136],
264,25,DECEMBER,On the Basis of Sex,Focus Features,"Mimi Leder (director); Daniel Stiepleman (screenplay); Felicity Jones, Armie Hammer, Justin Theroux, Jack Reynor, Cailee Spaeny, Sam Waterston, Kathy Bates",[223],
265,25,DECEMBER,Destroyer,Annapurna Pictures,"Karyn Kusama (director); Phil Hay, Matt Manfredi (screenplay); Nicole Kidman, Sebastian Stan, Toby Kebbell, Tatiana Maslany, Bradley Whitford, Jade Pettyjohn, Scoot McNairy",[255],
266,28,DECEMBER,Black Mirror: Bandersnatch,Netflix,"David Slade (director); Charlie Brooker (screenplay); Fionn Whitehead, Will Poulter, Asim Chaudhry, Craig Parkinson, Alice Lowe, Tallulah Haddon, Catriona Knox, Jonathan Aris",[256],
